Captain America,m
Black Widow,f
Wonder Woman,f
Iron Man,m
Batman,m
Superman,m
Captain America,m
Black Widow,f
Wonder Woman,f
Iron Man,m
Batman,m
Superman,m
Captain America,m
Black Widow,f
Wonder Woman,f
Iron Man,m
Batman,m
Superman,m
Captain America,m
Black Widow,f
Wonder Woman,f
Iron Man,m
Batman,m
Superman,m
Captain America,m
Black Widow,f
Wonder Woman,f
Iron Man,m
Batman,m
Superman,m
Captain America,m
Black Widow,f
Wonder Woman,f
Iron Man,m
Batman,m
Superman,m
Captain America,m
Black Widow,f
Wonder Woman,f
Iron Man,m
Batman,m
Superman,m
Captain America,m
Black Widow,f
Wonder Woman,f
Iron Man,m
Batman,m
Superman,m
Captain America,m
Black Widow,f
Wonder Woman,f
Iron Man,m
Batman,m
Superman,m
Captain America,m
Black Widow,f
Wonder Woman,f
Iron Man,m
Batman,m
Superman,m
Captain America,m
Black Widow,f
Wonder Woman,f
Iron Man,m
Batman,m
Superman,m
Captain America,m
Black Widow,f
Wonder Woman,f
Iron Man,m
Batman,m
Superman,m
Captain America,m
Black Widow,f
Wonder Woman,f
Iron Man,m
Batman,m
Superman,m
Captain America,m
Black Widow,f
Wonder Woman,f
Iron Man,m
Batman,m
Superman,m
Captain America,m
Black Widow,f
Wonder Woman,f
Iron Man,m
Batman,m
Superman,m
Captain America,m
Black Widow,f
Wonder Woman,f
Iron Man,m
Batman,m
Superman,m
Captain America,m
Black Widow,f
Wonder Woman,f
Iron Man,m
Batman,m
Superman,m
Captain America,m
Black Widow,f
Wonder Woman,f
Iron Man,m
Batman,m
Superman,m
Captain America,m
Black Widow,f
Wonder Woman,f
Iron Man,m
Batman,m
Superman,m
Captain America,m
Black Widow,f
Wonder Woman,f
Iron Man,m
Batman,m
Superman,m
Captain America,m
Black Widow,f
Wonder Woman,f
Iron Man,m
Batman,m
Superman,m
Captain America,m
Black Widow,f
Wonder Woman,f
Iron Man,m
Batman,m
Superman,m
